Rank,NASA,TA,E,A,C,N,O,AC,EC,TC,H,RS,WH,TWR,BF,NP,FA,SR,AP,AR,DWH,DWR,T,DS,FC
3,24,38,2,8,10,3,8,16,17,26,41,2,2,30,2,2,1,5,2,4,2,70,1,1,2
2,17,35,6,9,7,4,8,25,14,31,25,2,2,30,2,2,1,5,2,5,2,70,1,1,5
1,20,38,8,8,6,5,7,19,22,29,15,2,1,90,1,1,2,4,2,4,2,90,2,2,6
1,16,54,3,7,3,9,6,23,24,16,17,2,2,40,1,2,1,1,2,2,2,60,1,2,5
3,18,28,6,4,10,3,8,13,12,35,60,2,2,50,1,1,2,4,2,5,1,60,2,1,3
2,15,42,7,8,10,8,10,22,16,30,21,2,2,40,2,2,2,1,2,4,2,80,2,2,1
3,20,34,5,6,10,5,5,15,18,28,30,2,2,20,2,1,1,4,2,2,1,50,2,1,4
2,23,56,6,9,10,8,5,18,34,27,16,2,2,50,1,2,1,3,2,2,2,70,2,2,6
2,22,36,9,9,10,3,9,24,24,32,19,1,2,70,2,2,6,2,2,5,1,70,2,1,2
3,19,22,4,7,10,2,9,14,10,24,46,1,2,50,2,1,2,3,2,5,1,60,1,1,5
2,18,35,4,9,10,3,6,15,21,32,8,2,2,20,1,1,1,1,1,1,2,40,1,2,1
3,16,45,2,10,6,4,7,25,17,29,39,1,2,50,1,2,2,2,2,5,2,80,2,1,6
1,24,38,4,7,7,6,9,24,24,32,16,1,2,50,1,2,2,5,2,4,2,70,2,2,4
3,24,34,6,8,9,4,6,24,13,33,46,1,2,30,2,3,2,3,2,5,2,40,2,1,5
3,11,28,6,8,9,3,10,24,12,22,35,1,2,70,1,3,1,2,2,4,2,80,1,2,5
1,27,51,5,8,7,7,8,20,23,28,11,2,2,70,1,2,1,5,1,2,2,90,1,2,5
3,23,37,5,8,9,3,7,15,17,33,24,2,2,30,1,2,1,3,2,5,2,70,1,2,2
3,15,24,10,10,6,3,9,19,10,31,13,1,1,30,1,1,6,7,1,3,1,30,2,1,3
3,21,37,10,8,10,2,3,18,14,29,45,1,2,30,2,2,1,4,2,3,2,80,1,2,3
2,21,33,5,10,10,6,7,30,20,33,22,1,2,50,1,2,1,2,2,4,2,90,2,2,5
1,16,49,5,9,7,9,7,20,16,25,15,1,2,50,2,2,1,4,1,4,1,70,2,1,5
3,20,31,4,9,10,5,10,20,13,30,19,1,2,10,2,1,1,6,2,3,2,50,2,2,1
3,18,26,7,6,10,4,7,24,16,35,43,2,2,70,1,2,4,2,2,5,2,80,1,2,6
3,26,39,7,7,10,6,9,18,22,31,28,2,2,50,1,2,2,4,2,3,2,70,2,2,6
2,34,46,8,7,10,5,10,21,16,31,17,2,2,30,2,3,5,3,1,4,2,60,2,2,4
3,18,20,9,10,8,2,6,19,7,35,21,2,2,50,2,2,1,1,2,3,2,70,1,2,2
3,21,29,9,10,9,3,7,13,10,30,60,1,2,70,2,1,1,4,2,4,1,80,2,1,6
2,25,53,9,7,6,7,8,22,28,23,18,2,2,60,2,3,1,1,2,4,2,90,2,2,3
3,23,26,7,10,10,6,10,20,19,28,13,2,2,40,1,2,1,6,2,1,2,50,1,1,6
2,28,47,4,4,8,7,9,23,19,29,30,1,2,50,2,1,1,1,2,2,2,60,2,2,2
3,13,22,5,10,9,2,6,13,8,32,37,2,2,30,1,1,1,4,2,3,2,30,1,2,3
2,23,47,7,8,8,10,8,27,23,24,6,2,1,30,1,1,1,1,2,2,2,70,1,2,1
3,22,37,8,9,9,6,9,33,14,28,20,1,2,40,1,2,1,1,2,2,2,80,2,2,3
1,28,52,6,6,6,6,6,17,21,23,11,2,2,70,1,2,1,2,2,4,2,70,2,2,6
3,28,44,8,6,10,7,9,23,24,27,26,1,2,50,1,2,1,2,2,5,2,70,2,1,2
3,18,34,5,8,8,5,9,12,14,23,17,2,2,80,2,2,1,5,2,2,1,90,2,1,5
1,26,34,5,6,9,3,10,12,9,32,30,2,2,50,1,3,1,1,2,5,2,80,2,1,4
1,22,62,4,5,5,7,8,17,26,27,10,1,2,30,1,2,1,2,1,1,2,60,1,2,6
1,28,55,7,8,8,5,6,17,22,27,15,2,2,50,2,3,1,1,1,3,2,80,1,2,2
3,26,22,3,8,10,3,3,12,10,35,53,1,2,30,2,2,1,3,2,4,2,60,2,2,6
3,26,41,7,8,7,4,10,20,7,34,28,2,2,40,2,3,3,2,2,3,2,60,2,2,5
3,25,26,2,10,8,2,5,7,7,32,22,2,2,10,2,2,4,3,1,1,2,60,1,2,6
3,26,44,10,10,10,3,9,14,14,31,77,1,2,50,1,3,1,2,2,5,2,60,1,2,6
3,23,38,9,7,10,5,7,25,21,26,33,2,2,50,2,1,1,4,2,5,2,60,1,2,5
1,16,43,5,9,9,6,7,18,21,32,18,2,2,80,1,3,3,1,2,3,2,90,2,1,4
3,23,48,3,9,8,5,8,16,15,26,54,1,1,30,1,1,1,3,2,2,1,20,2,1,5
3,26,52,5,8,10,4,10,18,19,27,38,1,2,30,1,3,1,1,1,3,2,60,1,2,5
3,36,51,2,10,9,6,10,13,24,35,5,1,2,90,2,3,2,3,2,5,1,90,2,1,6
2,19,45,5,7,9,8,6,17,26,27,54,2,2,40,1,1,1,3,1,5,2,70,1,2,4
3,20,36,8,7,9,4,7,19,14,32,40,2,2,40,2,2,1,2,2,5,2,50,2,2,3
3,22,48,10,8,9,6,5,19,19,28,26,1,2,20,1,1,2,3,2,4,2,50,1,2,5
2,28,48,6,7,8,8,7,15,22,21,22,2,2,20,2,3,4,5,1,2,2,10,1,2,5
1,20,57,4,5,7,8,6,19,23,23,20,2,2,50,1,2,1,1,1,2,2,70,2,1,4
1,26,58,5,6,7,7,6,19,21,22,21,1,2,40,2,2,3,3,2,2,2,60,1,2,6
3,15,29,4,7,9,5,9,25,14,27,68,1,1,50,1,1,3,7,1,5,1,50,2,1,5
2,36,70,7,7,10,8,9,15,28,27,33,2,2,30,1,3,1,1,2,5,2,50,2,2,2
3,25,37,4,8,10,9,5,18,20,34,47,2,2,50,1,3,1,3,2,2,2,70,1,2,5
3,22,24,9,10,10,4,6,23,10,32,35,1,2,30,2,1,1,4,2,2,2,60,2,2,5
3,18,43,6,9,10,7,9,23,26,30,25,1,2,60,2,2,1,5,2,2,1,60,2,1,6
2,14,38,9,7,6,5,8,17,21,21,16,2,1,40,1,2,1,3,2,3,1,40,2,1,4
3,17,34,4,9,8,3,5,15,15,25,31,1,2,30,1,2,1,1,1,3,2,70,1,2,5
1,36,47,8,9,9,8,9,21,21,21,7,2,2,40,1,1,1,3,2,3,2,70,1,2,4
3,17,42,6,7,9,4,8,19,25,27,42,2,1,30,1,1,1,1,2,3,2,90,2,2,2
3,25,33,7,9,9,6,9,28,18,21,29,1,1,30,1,2,1,2,1,4,2,60,1,2,4
3,19,29,9,6,10,4,9,31,16,33,25,1,2,40,1,3,1,4,2,5,2,100,2,1,4
3,28,48,7,6,9,7,10,16,18,19,23,2,2,60,2,1,5,4,2,3,2,80,1,2,5
3,23,43,3,6,7,8,6,12,23,27,35,2,2,40,1,2,1,3,2,4,2,70,2,2,5
2,22,38,5,9,9,3,6,23,14,32,44,2,2,40,2,1,2,2,2,3,2,60,2,1,3
3,24,43,9,5,10,6,5,22,21,26,35,2,2,50,1,3,1,2,2,2,2,60,1,2,3
1,15,28,6,5,5,3,5,24,7,26,9,1,1,30,1,2,4,3,2,2,1,40,1,2,6
3,19,33,8,10,10,4,6,20,9,33,34,2,2,20,2,2,1,3,2,5,2,0,2,2,4
3,14,49,3,4,10,8,8,9,10,28,46,1,2,30,1,2,1,1,2,4,2,60,1,2,6
2,22,25,2,6,10,5,8,12,11,32,39,2,2,40,2,3,1,2,2,4,2,60,1,2,5
3,20,38,3,7,10,4,8,16,22,29,47,2,2,30,2,1,4,3,2,5,2,40,2,1,6
1,13,34,10,7,9,5,10,9,18,30,30,1,2,70,1,3,2,4,2,3,1,70,2,1,6
3,19,47,4,10,8,7,7,14,21,25,32,2,2,60,1,1,1,2,2,2,2,70,1,1,4
3,16,36,4,9,9,6,4,16,16,31,100,2,2,60,2,1,1,5,1,1,2,80,1,2,6
3,20,41,4,7,8,4,9,19,19,29,14,2,2,50,1,1,6,3,2,3,2,70,2,2,4
1,15,30,5,7,8,2,5,22,14,28,8,2,1,40,1,2,1,1,1,4,2,80,2,1,1
2,22,39,8,9,10,3,7,26,15,31,17,1,2,30,2,1,6,6,2,2,2,50,2,2,6
2,31,59,2,5,6,6,5,16,30,16,3,2,2,50,2,2,1,2,2,5,2,100,2,2,1
3,21,37,6,6,9,6,6,15,9,33,73,1,2,60,1,1,2,6,2,1,2,90,2,1,6
3,29,45,6,9,9,8,7,17,22,34,48,2,2,40,1,2,1,2,2,3,1,50,2,2,4
3,24,49,6,6,7,8,7,22,27,26,26,2,1,60,2,3,1,2,1,2,2,80,1,2,4
2,9,37,4,8,5,4,6,14,14,26,24,2,2,40,2,2,1,2,1,2,2,60,1,2,5
2,28,56,8,6,7,10,9,26,31,27,29,1,2,40,1,3,1,4,2,2,2,60,1,2,6
1,26,55,2,4,10,7,10,10,13,31,11,1,2,40,2,2,1,2,2,5,2,90,2,2,4
2,23,38,7,8,8,5,10,24,20,30,16,2,2,30,2,1,1,3,2,3,2,70,2,2,1
1,24,45,6,9,6,6,6,24,13,26,59,2,2,40,1,1,3,6,2,4,2,50,2,2,6
3,24,32,5,10,10,7,5,25,10,31,60,2,2,20,1,2,1,2,2,5,2,30,2,2,5
1,33,43,8,10,4,6,9,26,25,25,16,2,2,50,1,1,1,4,2,2,2,80,2,2,2
3,26,31,2,6,8,3,8,17,12,30,32,1,2,50,1,1,1,5,2,4,2,70,2,1,5
3,17,39,8,7,9,6,7,26,21,27,198,2,2,30,1,1,3,7,2,1,1,50,2,1,5
2,20,26,7,8,10,3,10,10,15,34,18,2,2,60,2,2,1,1,2,3,2,70,2,1,5
2,19,60,4,8,7,10,8,24,31,17,20,1,1,20,1,1,1,3,1,2,2,80,1,2,2
2,26,42,8,7,6,6,7,24,17,23,39,2,2,40,2,1,1,1,2,4,2,60,2,2,1
2,22,28,3,4,10,3,8,17,10,30,15,2,2,50,1,2,1,2,2,2,2,50,1,2,4
3,29,37,10,7,9,8,8,24,22,28,25,1,2,60,2,2,2,2,2,4,2,90,2,2,5
2,26,55,6,6,6,6,6,21,21,21,16,1,2,60,2,2,1,2,2,4,2,70,1,2,6
2,22,45,5,4,10,6,5,14,16,21,20,1,2,40,2,2,6,4,2,5,2,60,2,2,2
1,30,49,6,7,7,7,6,19,22,26,10,2,2,50,2,2,1,5,2,4,1,30,2,1,4
1,18,41,5,7,10,4,7,15,11,32,15,2,2,70,1,2,1,2,1,5,2,90,1,2,3
2,22,52,8,6,6,8,8,15,26,27,19,1,2,50,1,2,1,1,2,3,2,70,1,2,5
2,26,24,4,8,10,2,6,19,8,33,34,1,2,70,1,3,2,1,2,3,2,70,2,1,4
3,26,45,9,7,8,4,5,25,24,27,26,2,2,20,1,2,2,1,1,3,2,70,1,2,5
3,26,45,3,7,8,4,8,17,9,29,49,2,2,70,1,3,1,1,2,2,1,60,2,1,4
2,28,34,2,6,7,4,6,11,15,33,18,2,2,50,2,2,2,2,2,5,2,80,1,2,4
2,25,52,6,8,8,7,8,17,26,26,18,1,1,30,1,2,6,2,2,2,2,70,2,2,2
2,20,50,6,5,10,7,10,25,22,30,14,2,2,40,1,3,1,1,2,2,2,70,1,2,4
1,25,50,5,7,7,7,10,29,18,27,8,1,2,60,2,3,1,1,2,4,2,50,1,2,2
1,23,62,5,9,10,8,5,15,28,31,6,1,2,40,2,1,1,6,2,5,1,40,2,1,6
3,18,66,10,4,10,10,9,20,28,22,34,1,2,70,1,2,1,3,2,2,2,90,1,2,6
2,22,61,6,6,7,9,9,27,29,29,9,2,2,50,1,1,1,5,2,1,2,60,2,1,2
1,28,41,8,9,9,8,8,11,21,35,9,2,2,30,2,2,1,1,1,5,2,90,1,2,2
3,21,46,3,7,9,6,10,17,16,26,120,1,2,50,1,1,1,7,1,5,2,70,2,1,5
1,18,42,5,5,9,5,7,13,15,28,21,2,2,60,1,3,1,2,2,2,2,70,1,1,5
3,17,34,8,5,9,4,8,19,17,31,66,1,2,30,1,2,2,1,2,2,2,50,2,2,2
3,20,56,10,6,9,6,9,15,18,30,32,2,2,50,1,1,1,4,2,2,2,70,2,2,2
1,25,36,3,8,6,5,6,25,10,24,28,1,2,60,2,3,1,4,2,1,2,80,1,2,6
3,24,37,5,5,9,6,10,19,16,30,17,2,2,50,2,2,2,2,2,5,2,70,2,1,3
1,31,33,9,6,10,6,9,26,11,32,8,2,2,40,1,2,2,1,2,4,2,80,1,2,1
3,18,30,7,8,7,6,7,28,20,31,51,2,2,40,1,2,1,1,2,3,2,60,2,2,2
2,23,48,9,3,8,9,6,14,30,29,29,1,2,40,2,2,1,1,1,3,2,40,1,2,3
1,24,41,10,10,10,4,6,19,14,30,12,2,2,50,2,3,1,1,1,3,2,80,1,2,3
2,19,22,7,9,9,2,10,16,11,30,34,2,1,60,1,1,1,4,2,4,2,80,2,1,1
3,23,30,4,10,10,3,7,17,14,16,26,2,2,60,2,1,1,3,2,3,2,20,2,2,1
2,24,42,7,8,6,4,6,25,12,32,23,2,2,20,2,1,4,3,2,4,2,60,2,2,1
3,25,34,9,8,10,3,6,24,18,26,27,2,2,60,1,3,3,3,2,4,2,90,2,2,6
3,22,45,2,7,5,4,6,15,20,22,36,1,2,50,1,2,1,2,1,3,2,80,1,2,6
3,17,34,10,7,9,4,10,27,10,30,35,2,2,50,1,1,1,3,2,2,2,50,2,1,2
1,29,58,4,7,10,7,6,22,23,29,9,1,2,30,2,2,6,4,2,5,2,60,1,2,6
3,14,29,4,9,6,3,7,12,10,31,30,2,2,20,2,1,2,4,2,4,1,20,2,1,6
2,26,62,2,9,8,9,10,17,32,29,20,1,2,40,1,1,1,3,2,4,2,90,2,2,3
2,31,31,10,8,7,7,6,21,20,32,23,2,2,40,2,3,1,1,2,2,2,70,1,2,6
2,15,30,7,10,5,5,7,20,14,29,18,2,2,20,1,1,1,3,2,3,2,90,1,2,3
2,25,47,5,5,9,8,8,17,14,27,25,1,2,60,1,1,1,2,2,4,2,90,2,2,2
2,23,30,6,9,8,3,9,18,16,33,10,1,2,60,1,3,2,2,1,2,2,80,1,1,6
3,19,26,5,9,6,4,6,9,9,28,40,1,2,40,2,2,1,2,1,2,2,60,2,2,4
2,11,29,7,6,9,3,6,14,15,32,28,2,2,50,1,1,4,5,1,4,2,70,2,1,6
2,27,48,5,5,6,9,9,20,24,23,31,2,2,40,2,3,1,2,1,4,2,90,2,2,5
3,21,46,4,7,10,5,8,19,19,26,39,2,2,70,1,2,4,4,2,2,1,70,2,1,6
1,32,55,5,7,10,8,8,18,27,25,18,2,2,50,2,3,1,4,2,2,2,80,2,2,5
2,22,46,3,9,7,6,6,25,17,24,8,1,2,60,2,2,3,5,2,4,2,20,2,2,5
1,22,43,4,10,8,5,8,16,24,28,11,2,2,60,2,1,1,5,2,4,2,80,1,2,6
3,17,34,7,7,10,3,10,24,15,32,60,2,2,30,1,3,4,4,1,2,2,60,2,1,6
2,32,49,4,5,5,6,7,16,28,27,17,2,2,50,2,2,1,2,2,2,2,70,1,1,5
3,20,25,10,10,9,5,8,23,7,33,47,2,2,60,1,2,1,4,1,4,2,80,2,1,3
1,21,51,4,7,6,8,4,24,23,22,21,2,2,50,1,2,2,3,2,5,2,70,1,2,4
3,13,31,8,9,6,2,10,15,10,29,29,2,2,40,1,1,1,4,2,5,2,60,2,2,6
3,15,40,5,7,8,5,7,20,17,30,43,2,2,30,1,1,1,2,2,3,2,40,2,1,5
2,20,29,4,7,10,6,7,16,10,28,30,1,2,50,1,3,3,2,1,5,2,60,2,1,5
1,6,37,2,5,8,4,6,18,16,25,6,1,2,30,2,2,1,1,2,2,2,50,1,2,2
2,31,27,9,10,10,4,10,31,11,35,15,2,2,30,2,2,1,1,2,5,2,50,2,2,2
3,11,20,8,4,5,2,6,21,7,33,23,1,1,20,1,1,2,4,2,5,2,30,2,1,3
2,20,52,2,7,9,7,8,13,26,26,37,2,2,50,2,1,1,5,1,2,1,90,1,2,6
1,31,47,8,5,9,9,9,19,26,30,16,2,2,40,2,1,3,1,1,3,2,80,2,2,5
2,25,52,3,8,10,7,10,21,24,26,15,2,2,40,2,1,1,3,2,5,2,80,1,2,5
1,22,49,6,5,10,4,7,24,19,29,11,2,2,40,1,3,1,1,2,3,2,70,1,1,5
3,18,40,6,6,9,10,7,10,13,31,39,1,2,40,2,1,5,4,2,2,2,90,2,1,6
3,21,30,7,9,10,5,9,14,14,29,49,1,2,50,1,1,2,6,2,5,2,60,1,2,6
2,26,41,3,6,10,6,7,11,16,30,42,1,2,50,1,2,1,2,2,3,1,60,2,1,4
1,20,38,6,5,6,4,10,20,12,31,9,2,2,40,1,1,1,3,1,4,2,80,1,2,6
3,21,31,10,9,10,3,10,17,11,33,56,1,2,20,2,1,1,3,1,1,2,60,2,2,2
2,25,40,8,8,9,3,10,19,19,35,7,2,2,20,2,2,1,1,2,5,2,30,1,2,5
1,16,31,8,7,10,3,10,15,18,35,10,2,2,50,2,3,5,1,2,4,2,70,2,2,1
2,13,38,4,9,10,5,6,29,21,26,13,2,1,40,1,2,2,1,2,4,1,50,2,1,3
3,25,25,5,8,10,2,6,19,13,34,30,1,2,60,2,2,2,3,2,3,2,70,2,2,5
3,20,52,4,7,10,9,10,22,28,25,38,1,2,40,1,2,4,4,2,4,2,60,1,2,4
2,18,32,9,7,5,4,9,28,18,27,20,2,2,30,1,2,5,3,1,2,2,60,2,2,5
3,21,47,8,8,10,6,8,12,24,27,46,2,2,30,1,3,6,3,2,1,2,60,2,2,4
3,15,48,2,6,6,8,5,17,24,30,29,1,2,30,1,1,1,2,2,5,2,80,1,2,1
2,24,41,5,8,10,7,9,25,19,31,29,2,2,50,2,1,2,5,2,3,2,60,2,2,5
1,24,39,10,9,8,4,9,19,17,23,3,1,2,30,2,3,1,2,1,2,2,60,1,1,3
3,15,68,5,6,7,10,5,21,31,28,16,2,2,50,1,3,6,3,1,4,2,50,1,2,3
3,18,57,6,5,8,7,10,12,27,31,19,1,2,50,1,1,1,1,2,3,2,70,1,2,1
1,22,46,4,8,10,6,8,20,23,29,38,2,2,60,1,2,1,1,2,2,2,80,2,2,5
3,24,21,7,10,10,2,5,19,9,35,61,2,2,70,2,1,6,6,2,5,2,90,2,1,6
2,20,48,10,8,9,4,10,22,23,25,21,2,2,30,1,1,1,1,2,3,2,70,1,2,2
3,26,32,5,7,9,4,7,13,11,30,28,1,2,30,2,2,1,2,2,3,2,60,2,1,4
3,14,28,7,7,10,3,10,16,15,35,99,2,2,70,1,1,2,1,1,4,1,80,1,2,4
2,18,49,4,7,7,7,5,17,21,25,15,2,2,50,1,1,1,3,2,4,2,70,1,2,5
1,33,40,3,5,10,6,6,18,18,30,22,2,2,60,1,3,1,2,2,4,2,70,2,2,5
3,24,46,7,8,9,2,10,10,22,32,35,2,2,20,2,2,1,2,2,5,2,70,2,1,4
3,28,53,7,7,10,6,6,21,14,22,15,2,2,10,1,1,1,3,2,3,2,50,2,2,1
2,32,46,4,6,8,6,5,15,18,34,23,2,2,50,2,1,1,3,2,5,2,70,2,1,5
1,28,37,5,7,10,5,8,15,17,29,17,2,2,40,2,1,2,2,2,5,2,80,2,2,4
1,19,44,8,10,6,5,8,21,14,27,11,2,2,50,1,3,6,2,2,2,2,80,1,2,4
2,29,44,6,5,7,5,5,22,26,26,23,1,2,60,1,1,1,4,1,3,2,90,1,2,6
3,23,36,5,8,10,4,10,11,12,23,29,1,2,60,2,1,1,4,2,4,2,70,2,2,6
2,24,38,6,9,10,5,6,14,17,31,9,2,2,30,2,1,6,6,2,4,2,60,2,2,5
1,26,30,7,6,8,3,6,16,10,32,34,2,2,40,2,2,1,1,2,1,2,70,2,2,3
3,12,39,9,10,8,5,9,18,12,30,51,1,2,30,2,1,1,5,2,4,2,70,2,2,3
2,21,39,4,7,5,4,8,22,15,30,23,2,2,50,1,3,1,2,2,4,2,80,1,1,6
2,19,52,6,6,8,9,6,16,22,29,15,2,2,50,1,2,1,1,1,4,2,70,1,2,5
1,23,44,5,4,9,7,8,22,24,28,10,1,1,50,1,3,2,1,2,5,2,80,2,2,4
3,19,31,4,7,10,3,7,15,8,33,24,1,2,60,1,1,2,4,2,3,1,70,2,1,4
3,24,38,5,7,7,4,8,14,17,29,17,2,2,30,1,1,2,1,2,4,1,30,2,1,2
3,16,29,10,6,9,3,7,23,17,34,15,2,1,40,1,2,1,4,2,4,2,70,1,2,5
3,19,48,7,5,6,8,6,25,28,24,22,2,2,20,2,1,2,2,2,5,2,80,1,2,3
3,25,40,5,8,8,4,7,18,19,28,22,1,2,20,2,3,6,3,2,2,2,40,1,2,5
1,21,51,10,8,6,8,8,20,21,19,17,2,2,50,1,2,2,2,1,3,2,90,1,2,5
2,30,44,10,8,5,6,8,22,18,26,21,1,2,40,1,3,2,1,2,4,2,50,1,2,4
3,26,58,3,8,9,4,6,11,23,28,45,1,2,20,2,1,4,5,2,5,2,60,1,2,5
3,20,29,5,8,10,4,7,19,18,29,55,1,2,60,2,3,3,2,2,4,2,20,1,2,6
2,24,60,6,7,7,7,6,20,30,28,15,1,2,30,2,3,1,2,2,2,2,60,1,2,2
1,27,58,7,7,9,8,8,20,27,32,2,2,1,40,1,1,1,1,1,4,2,70,2,2,1
1,30,60,5,8,8,6,9,26,20,26,21,2,2,30,2,3,5,1,2,2,2,40,1,2,4
1,22,45,4,7,8,8,4,19,24,29,16,2,2,40,2,1,4,6,2,2,2,50,1,2,3
3,28,58,6,8,9,9,7,21,31,25,40,2,2,10,1,2,5,1,1,5,2,20,1,2,4
3,18,31,8,9,7,2,6,23,8,28,10,2,1,50,1,1,1,3,1,2,2,70,2,1,2
1,23,45,9,7,8,8,9,22,23,26,13,2,2,20,2,2,1,2,2,3,2,70,2,2,5
1,20,34,8,9,9,3,6,23,17,27,13,2,2,40,2,1,2,3,2,5,2,70,1,2,6
3,18,48,4,7,8,10,7,13,24,27,26,1,2,10,2,2,6,6,2,2,2,50,2,2,4
3,18,35,6,5,9,6,5,13,13,26,49,2,2,60,1,3,1,2,2,5,2,80,1,2,4
3,25,33,4,7,10,5,10,17,16,29,34,2,2,20,1,3,2,2,2,3,2,50,2,1,3
3,26,48,5,7,8,8,7,23,25,17,22,1,2,30,1,2,1,1,2,5,2,70,2,2,2
2,26,37,7,8,8,6,7,16,20,24,19,1,2,50,2,1,2,3,2,5,2,80,2,1,5
3,23,58,5,5,10,10,9,17,26,29,25,2,2,30,1,3,1,2,2,2,2,60,1,1,5
1,25,63,6,9,10,9,8,23,33,27,20,2,2,30,2,1,3,1,2,5,2,70,1,2,3
3,16,36,7,7,7,4,10,21,20,31,32,2,2,50,1,1,3,1,2,4,1,50,2,1,1
3,35,44,5,10,10,5,8,15,17,28,35,2,2,70,2,3,1,2,1,4,2,70,2,2,4
3,22,35,4,4,10,3,7,24,9,32,33,1,2,20,2,1,4,5,2,4,2,70,1,2,5
2,31,38,5,6,6,7,6,13,21,30,24,2,2,40,2,2,2,3,2,5,2,70,2,1,6
2,19,31,6,8,9,2,10,16,22,33,9,2,2,40,2,2,1,5,2,5,2,70,1,1,5
1,30,39,6,9,10,7,4,12,20,26,32,2,2,40,2,2,5,2,2,4,2,80,2,1,6
2,20,56,4,4,6,9,8,22,25,21,26,2,2,40,1,2,1,2,2,2,2,40,2,2,6
3,23,55,4,6,7,7,6,15,25,28,27,2,2,60,2,2,1,2,1,2,2,80,2,2,5
3,21,34,8,9,10,5,9,22,17,33,84,1,2,50,2,1,1,6,2,4,2,60,2,1,4
3,24,29,8,7,9,4,10,19,14,26,31,2,2,50,1,1,1,3,2,5,1,50,2,2,2
2,32,54,7,8,9,9,9,18,29,29,52,2,2,20,2,1,2,3,2,5,2,40,2,2,4
3,23,29,4,7,5,3,6,18,13,31,45,1,2,20,2,1,2,2,2,2,2,50,1,2,4
3,18,28,4,6,10,3,5,14,11,34,23,1,2,30,2,2,1,4,2,5,2,70,2,1,6
1,25,54,6,7,9,9,10,12,24,24,25,2,2,40,1,1,1,1,2,2,2,60,2,2,1
3,23,44,3,8,7,7,9,21,21,27,34,2,2,30,2,1,2,4,2,5,2,40,1,2,5
1,23,50,8,6,8,6,9,18,21,32,16,1,2,40,1,3,1,2,2,4,2,60,2,2,3
1,14,36,3,8,9,5,5,8,17,25,13,2,1,40,1,3,1,2,2,2,2,60,2,2,6
3,25,50,5,5,10,4,8,13,19,31,17,2,2,20,2,2,1,3,2,5,2,60,1,2,4
1,23,41,9,7,10,5,8,15,9,33,9,1,2,30,1,3,3,3,1,2,2,70,1,1,6
2,35,44,6,8,9,6,4,18,32,25,10,2,2,30,2,3,6,1,2,2,2,50,2,2,4
2,27,39,9,7,6,5,6,12,17,31,44,1,2,30,1,1,1,3,1,2,2,0,1,2,6
3,23,29,7,7,10,5,6,26,13,28,16,2,2,40,2,2,4,3,2,3,2,60,2,1,6
1,16,38,8,7,10,5,9,31,20,32,11,2,2,60,2,2,1,2,2,5,2,80,2,1,6
3,19,41,9,6,10,6,6,8,19,25,46,2,2,30,2,2,5,5,2,1,1,50,2,1,4
3,15,36,8,8,8,5,5,16,14,33,33,2,2,20,2,1,6,4,2,2,1,20,2,1,2
1,19,35,8,8,9,4,3,22,20,26,9,1,2,20,2,2,1,1,2,4,2,70,1,2,3
1,26,50,2,7,8,7,6,19,22,28,16,2,2,40,2,3,2,1,2,3,2,60,2,1,5
1,25,41,6,10,9,6,9,26,19,29,5,2,2,50,1,2,1,3,2,3,2,60,2,1,3
3,20,29,8,8,3,4,8,13,11,28,43,1,2,30,2,1,1,4,2,1,1,40,2,1,1
3,11,34,5,8,7,4,7,23,10,24,30,1,2,60,1,1,3,6,2,1,2,80,1,1,6
3,15,30,6,10,9,4,7,13,15,33,17,1,2,40,2,3,1,1,2,3,2,80,1,1,2
2,26,56,2,5,9,9,8,16,25,18,26,1,2,20,2,3,2,3,2,3,2,30,2,1,6
2,31,49,8,3,7,10,8,18,21,34,32,2,2,50,2,2,1,1,2,5,2,80,1,2,6
1,11,52,7,6,9,6,8,29,11,25,9,1,1,40,1,2,1,1,1,4,2,70,1,1,1
3,21,24,6,10,9,2,8,22,8,29,34,1,2,40,2,2,1,5,2,3,2,90,2,2,6
3,21,30,8,8,7,5,9,22,14,26,30,2,2,30,2,1,1,3,2,3,2,90,1,2,5
3,37,43,7,9,9,3,7,22,15,28,50,2,2,50,2,2,1,2,2,5,2,70,1,2,4
3,21,30,9,7,10,8,6,31,16,34,26,2,2,30,1,1,1,2,2,3,2,50,2,1,4
3,24,38,6,6,8,4,5,21,12,29,19,1,2,40,1,3,1,3,2,3,2,50,2,2,5
3,31,55,8,10,10,10,5,17,24,33,30,2,2,50,2,3,4,3,2,2,2,70,1,2,6
3,22,50,8,8,7,8,8,20,24,26,39,2,2,20,1,1,1,2,2,5,2,60,1,1,2
3,23,44,4,9,6,6,6,20,23,27,27,2,2,30,1,1,1,6,2,1,2,70,2,2,2
3,24,31,8,8,10,3,8,19,10,31,59,2,2,50,2,3,6,5,1,4,1,50,1,1,5
3,28,29,6,8,7,5,9,17,12,28,29,2,2,20,2,1,1,4,2,4,2,60,1,1,5
3,21,30,7,8,9,2,6,18,17,28,32,1,2,40,2,3,1,3,1,2,2,80,1,2,5
3,22,37,9,7,10,4,5,25,18,32,27,1,2,30,1,1,1,4,1,5,2,90,2,2,5
3,35,55,7,9,10,7,9,19,25,32,40,1,2,10,2,1,1,7,2,5,2,90,2,2,5
3,14,60,6,10,7,3,9,19,16,31,47,2,2,40,1,1,1,3,2,2,2,80,2,1,2
2,18,45,10,10,5,6,6,12,26,24,17,2,2,20,1,1,2,4,2,5,2,50,2,2,1
2,17,31,6,6,10,3,10,18,10,32,48,2,2,30,1,1,2,6,2,3,2,80,2,2,3
2,29,52,3,7,10,7,9,19,23,31,28,2,2,20,2,2,1,2,2,5,2,60,2,2,1
1,27,52,10,8,10,9,9,21,26,23,21,1,2,30,2,3,1,1,2,3,2,70,2,2,4
3,22,41,2,6,10,8,10,15,24,26,63,2,1,60,1,1,6,7,2,3,1,60,2,1,6
1,13,39,5,9,6,6,8,18,17,24,29,2,2,60,2,2,1,4,2,3,2,80,2,2,4
3,26,36,8,7,9,5,9,26,19,32,23,1,2,40,2,3,4,3,2,4,2,50,1,1,4
3,25,42,8,8,10,8,9,21,15,34,60,2,2,30,1,1,3,7,2,5,1,30,2,1,3
2,30,49,6,10,10,6,10,20,18,25,12,2,2,30,2,2,1,2,2,4,1,30,1,1,2
3,25,36,3,8,7,5,5,15,19,30,25,1,2,50,1,3,1,3,2,3,2,90,2,2,4
2,30,51,10,9,8,8,3,17,21,20,36,2,2,50,1,2,2,1,2,5,2,70,1,2,1
2,19,45,6,7,7,6,5,21,21,27,30,1,2,40,1,2,2,1,2,2,2,60,1,2,4
3,21,37,8,9,8,6,10,20,14,30,22,1,2,40,2,3,1,1,2,4,2,20,2,2,4
3,29,43,9,8,6,8,7,29,28,25,31,1,2,30,1,1,6,4,2,5,2,50,2,2,1
1,20,49,5,7,7,4,6,25,26,25,25,2,1,10,1,2,1,6,2,2,2,50,1,2,5
1,25,56,8,6,10,10,10,21,28,31,10,1,2,30,2,1,1,6,1,3,2,40,1,2,2
3,18,56,2,4,9,9,6,9,31,33,22,1,2,60,2,3,1,2,2,3,2,90,1,2,6
3,19,37,4,10,5,4,10,10,16,24,50,1,2,40,1,1,2,5,1,1,2,70,2,2,6
1,27,47,4,9,8,3,9,28,27,28,17,2,2,30,1,1,1,4,2,3,2,50,1,2,2
2,27,28,9,7,8,4,8,32,13,27,19,1,2,20,1,3,1,3,2,4,2,60,1,2,5
1,18,48,6,6,8,9,10,12,23,28,15,2,2,30,1,2,1,5,2,5,2,50,2,2,4
2,17,55,3,8,10,4,7,23,24,27,29,2,2,50,1,2,6,1,2,3,2,80,1,2,6
2,23,48,6,7,7,7,7,21,20,25,35,1,2,40,1,2,1,4,2,4,2,80,1,2,4
2,17,57,7,10,7,4,6,17,31,23,36,1,2,40,1,2,1,1,2,4,2,80,1,2,2
2,25,51,3,9,10,10,10,10,34,33,41,1,2,40,1,3,5,2,1,2,2,100,2,1,5
2,22,57,6,7,10,4,8,20,25,28,19,2,2,30,2,1,1,2,2,4,2,40,1,2,3
1,21,46,7,7,10,6,9,14,21,31,15,2,2,50,1,2,1,2,2,4,2,80,1,2,3
1,16,25,6,9,9,2,6,15,10,33,14,2,2,50,2,3,1,1,2,3,2,70,1,1,3
3,40,56,8,7,10,8,2,16,18,30,70,2,2,30,2,3,1,1,1,5,2,50,1,2,6
1,9,30,4,9,9,2,6,14,11,29,21,2,2,60,2,3,1,2,2,4,2,50,2,2,5
3,12,35,6,6,10,7,4,7,15,29,23,1,2,50,2,1,3,2,2,5,2,50,1,2,5
2,27,56,5,6,6,9,7,14,24,23,24,1,2,20,1,3,1,1,2,4,2,50,1,2,5
3,23,42,2,5,10,4,3,20,27,25,26,2,2,50,1,2,2,4,2,5,2,80,2,2,6
2,26,49,3,7,10,8,10,7,25,34,29,2,2,40,2,2,1,1,2,4,2,40,1,2,2
3,25,34,3,10,9,2,8,12,13,34,23,2,2,70,1,3,1,2,2,4,2,90,1,2,6
2,6,36,7,5,9,4,10,11,13,31,12,2,2,60,2,2,1,4,2,1,1,60,2,1,5
1,21,27,8,10,10,4,5,19,9,31,17,1,2,30,1,2,2,4,2,5,2,60,2,1,5
1,27,48,10,6,10,4,7,28,20,31,8,2,2,50,1,2,2,1,2,3,2,70,2,2,1
3,9,47,5,7,10,7,9,15,26,30,12,2,2,30,2,2,1,2,2,3,2,60,2,2,3
3,16,26,6,9,7,2,10,19,7,29,119,2,2,50,1,2,1,4,2,4,2,70,1,1,5
2,8,37,9,6,5,5,6,26,17,28,32,1,1,50,1,3,1,5,1,5,2,90,2,2,5
3,9,36,8,10,9,8,9,16,13,26,58,2,2,20,1,2,1,1,2,2,2,60,2,2,2
1,25,42,4,10,8,6,10,26,29,30,9,2,2,30,1,2,6,6,2,5,2,60,1,2,2
3,21,36,3,7,10,3,10,16,21,33,30,1,2,10,1,1,1,6,2,3,2,40,2,2,6
1,28,64,4,5,7,10,7,19,30,19,15,2,2,40,2,2,4,3,1,4,2,60,2,2,5
3,31,45,10,10,10,6,8,30,19,29,25,2,2,30,2,2,3,3,2,3,2,60,2,2,6
1,22,46,10,5,10,6,10,26,20,28,11,2,2,50,1,3,1,2,2,1,1,60,1,2,6
3,20,30,9,7,10,3,5,24,14,32,43,2,2,40,2,3,1,4,2,4,2,60,2,2,4
3,14,37,8,9,6,3,9,22,13,22,26,2,2,40,1,2,1,2,2,4,2,60,1,2,4
3,21,28,3,9,9,4,7,14,10,31,105,1,2,60,1,3,1,3,2,3,2,70,2,1,5
1,18,52,5,6,10,9,7,17,31,20,16,2,2,20,2,2,1,3,2,2,2,40,2,2,4
3,9,36,5,8,5,3,5,12,8,28,37,1,2,20,1,1,1,4,2,4,2,70,2,1,1
3,21,53,2,6,9,6,9,12,27,26,53,2,2,40,1,1,2,2,2,5,2,40,2,1,4
3,26,41,4,8,6,5,7,17,16,23,94,2,2,40,1,2,2,3,2,3,2,40,2,1,4
1,25,43,3,8,6,5,7,14,22,27,21,1,2,60,1,3,1,1,2,2,1,80,2,2,1
3,28,35,6,10,10,2,5,12,10,31,38,2,2,50,2,3,1,1,2,3,2,70,1,2,6
1,29,59,2,5,9,7,7,19,21,27,32,2,2,10,2,3,6,3,2,2,2,50,1,2,6
2,13,38,5,9,9,5,8,18,14,30,12,2,2,30,2,3,1,1,2,2,2,80,1,1,5
3,26,51,5,5,8,8,7,16,24,27,49,1,2,20,1,2,2,4,2,4,2,70,1,2,3
3,11,53,3,9,4,6,7,14,27,29,21,2,1,10,2,1,1,3,2,5,2,80,1,2,1
3,26,25,4,10,7,2,8,23,14,32,17,1,2,60,2,2,1,1,2,5,2,70,1,1,1
3,13,33,5,5,6,2,6,20,11,26,30,1,2,60,1,1,3,6,2,5,2,90,1,1,6
1,22,40,8,8,10,4,10,25,25,31,16,1,2,40,2,1,1,2,2,3,1,50,2,2,4
2,18,49,2,7,8,8,7,24,26,33,35,2,2,60,2,1,1,5,2,2,2,80,1,2,6
2,17,57,9,6,9,8,5,21,25,23,11,2,2,20,2,1,6,2,2,4,2,50,1,2,1
2,26,57,6,9,8,6,9,19,29,34,14,1,2,50,2,3,1,3,2,4,2,60,1,2,6
3,16,21,8,6,7,2,7,21,8,31,24,1,1,30,1,1,2,4,2,5,1,40,2,1,2
3,14,36,6,10,9,2,10,12,14,29,32,2,2,60,1,1,1,4,2,5,2,20,1,2,6
2,30,67,5,8,7,9,5,7,26,23,46,2,2,60,2,2,1,2,1,5,2,80,1,2,3
2,18,49,7,9,9,8,9,25,26,24,19,2,2,30,2,1,1,2,1,5,2,60,1,2,5
3,21,36,7,7,8,6,9,31,16,27,20,1,2,40,1,3,1,1,1,2,2,80,2,2,3
2,30,37,6,10,10,5,7,20,18,33,45,2,2,60,1,3,1,1,2,4,2,80,1,2,5
3,25,41,4,7,9,6,6,12,13,31,51,2,2,50,2,3,1,2,2,4,2,70,1,2,4
3,24,42,8,7,7,5,7,16,17,26,18,2,2,20,1,1,1,2,2,5,2,60,1,2,1
3,16,27,6,8,10,2,5,24,12,34,35,1,2,40,1,1,1,1,2,3,1,60,1,2,3
3,18,34,4,9,8,3,4,21,16,30,31,1,2,10,1,1,1,4,2,2,2,70,2,2,5
1,18,43,5,10,9,8,8,19,17,26,10,1,2,70,2,3,1,1,2,5,2,30,2,1,1
3,30,35,3,7,10,4,6,17,12,29,30,1,2,60,2,3,4,6,2,4,2,80,1,2,6
1,28,31,8,8,8,2,6,25,12,30,15,2,2,50,1,3,1,1,2,5,2,70,2,2,6
2,27,51,6,8,4,5,7,25,20,28,19,1,2,30,1,3,2,1,2,4,2,50,1,2,5
1,34,61,8,6,8,9,9,17,32,31,20,1,2,70,2,3,1,2,1,3,2,80,1,2,6
2,24,41,10,8,10,5,10,27,12,29,28,1,2,50,2,1,2,1,2,5,2,70,2,2,2
2,21,37,7,6,5,8,10,16,27,31,25,2,2,60,1,1,1,3,2,3,2,80,2,2,4
2,21,23,5,9,10,2,6,14,12,27,19,2,1,60,1,1,1,7,2,4,2,70,2,1,6
3,14,38,4,8,7,6,10,19,25,29,26,1,2,10,2,1,6,1,2,4,2,70,2,2,1
2,25,59,2,6,10,6,10,21,28,29,19,2,2,40,2,3,1,3,2,2,2,60,2,2,2
2,27,40,3,9,8,5,9,23,20,29,19,2,2,40,2,2,2,1,2,2,2,60,1,2,2
3,25,43,8,9,9,7,10,22,23,34,44,2,2,10,2,2,1,1,2,5,2,60,1,2,3
1,34,50,7,10,9,6,8,22,26,23,7,2,2,40,2,2,4,1,2,5,2,90,1,2,2
3,24,25,10,9,10,3,8,16,9,28,24,1,2,30,2,2,1,2,2,4,2,60,1,2,5
2,30,44,8,6,10,4,7,31,13,35,25,1,2,70,2,3,1,2,2,2,2,90,1,2,6
3,31,32,8,10,9,5,10,12,16,32,43,2,2,30,2,3,1,2,2,2,2,60,2,1,6
3,26,39,5,9,7,4,8,21,18,27,12,2,1,40,1,1,1,2,2,4,2,70,2,2,3
3,24,57,4,5,7,6,4,12,28,27,24,1,2,50,2,3,4,5,2,5,2,0,1,2,6
3,28,24,10,9,9,2,7,19,13,32,45,1,2,30,1,3,3,3,2,5,2,30,2,1,5
1,20,33,6,6,6,8,10,26,10,32,10,1,2,50,1,3,1,1,1,1,2,60,2,2,2
3,26,49,6,8,10,7,8,14,22,31,90,1,2,50,2,1,6,6,2,4,2,60,2,2,5
2,19,25,3,10,8,2,9,18,11,33,14,2,2,30,1,1,1,5,2,4,2,50,2,1,6
1,24,39,9,6,7,5,7,20,15,25,3,2,2,50,1,1,2,2,2,3,2,100,1,2,5
1,21,51,6,9,7,5,7,24,25,33,12,1,2,70,1,3,1,1,2,2,2,80,2,2,2
3,23,39,5,9,7,4,8,9,14,28,36,1,2,50,1,1,1,3,2,1,2,60,1,1,5
3,18,27,6,4,10,5,9,21,11,32,29,2,2,40,2,3,2,2,2,3,2,60,2,2,5
1,17,48,7,10,10,4,10,25,17,30,10,1,2,20,1,2,4,3,1,3,2,50,1,2,5
3,15,21,4,8,10,2,10,15,13,33,32,2,1,100,1,1,2,4,2,4,1,100,2,1,2
1,19,59,3,8,9,9,8,16,22,32,7,2,2,30,2,2,1,1,2,2,1,30,1,2,1
2,24,44,4,7,5,8,7,21,16,29,20,1,1,50,1,2,1,1,2,3,2,60,1,2,3
2,26,60,5,7,5,8,9,16,24,21,45,2,2,40,1,2,1,3,2,4,2,60,1,2,4
2,18,42,4,4,10,5,8,17,17,30,32,2,2,40,1,1,1,5,2,2,1,50,2,1,2
3,21,58,3,6,10,3,8,8,26,31,61,1,2,40,2,3,1,2,2,2,2,70,2,2,5
3,23,33,6,10,10,3,7,29,16,33,50,2,2,50,2,2,2,5,2,5,2,90,2,2,6
3,15,41,8,10,7,8,10,8,23,33,52,1,2,60,2,1,2,2,2,5,2,80,2,2,3
2,27,58,7,8,8,9,7,16,26,30,12,2,2,50,1,2,1,1,2,3,2,80,2,1,5
3,11,41,7,8,10,6,6,21,24,23,37,2,2,60,1,2,4,4,2,3,2,70,2,1,5
1,26,47,6,8,10,7,5,20,24,30,14,1,2,40,2,3,1,1,1,2,2,70,1,2,2
2,24,45,2,10,10,6,8,23,24,29,19,2,2,60,1,1,1,3,2,5,2,70,1,2,6
3,16,30,5,9,8,5,8,15,15,24,135,2,2,40,1,3,1,4,2,4,2,60,2,1,5
2,25,40,7,6,8,6,6,21,12,23,16,2,2,50,1,2,1,3,1,1,2,60,1,1,1
1,22,54,3,5,6,7,8,14,16,23,15,2,2,20,1,2,1,1,2,3,2,0,2,2,4
3,19,32,2,9,10,6,8,20,17,31,110,2,2,40,1,2,2,3,2,3,2,70,1,2,4
3,27,37,7,10,10,4,7,21,17,30,65,1,2,70,2,3,2,1,2,5,2,80,2,1,6
2,19,47,5,10,10,6,6,23,23,30,38,2,2,60,2,1,2,1,2,5,2,30,2,2,4
3,18,55,8,7,8,6,10,16,23,28,15,2,2,50,2,2,6,4,1,3,1,50,2,1,4
1,6,47,6,6,6,6,6,7,7,7,4,1,1,0,1,1,1,1,1,1,1,0,1,1,5
2,26,35,4,7,7,5,8,23,14,30,24,2,2,30,1,2,1,4,2,5,1,10,2,1,4
1,20,39,10,10,9,5,6,19,13,24,11,1,2,60,2,3,2,2,2,2,2,90,2,1,4
3,14,30,4,8,7,6,10,13,12,27,69,1,2,30,2,2,2,3,2,5,2,80,1,2,3
2,26,35,6,8,7,6,6,18,19,29,23,2,2,70,1,3,1,1,1,5,2,90,1,1,5
3,17,25,9,9,9,3,8,23,10,28,87,1,1,50,1,2,5,3,1,2,2,70,1,1,5
3,21,36,5,10,10,3,7,17,15,30,10,1,2,50,2,3,1,1,2,1,2,80,1,2,4
1,28,48,6,7,10,4,5,16,14,30,19,2,2,50,2,3,1,1,2,4,2,70,2,1,2
3,28,34,7,10,10,4,9,24,14,33,54,2,2,40,2,1,2,5,2,5,2,80,1,2,5
3,21,48,4,5,8,7,5,26,18,30,28,2,2,20,2,1,1,5,2,2,2,40,2,1,4
3,20,32,8,9,10,3,8,21,12,33,109,2,2,70,2,1,2,6,2,3,1,70,1,1,6
1,30,48,8,10,5,5,7,7,20,22,26,2,2,70,2,2,1,1,2,4,2,80,1,2,2
1,13,34,6,7,8,3,10,16,10,27,25,2,2,40,1,3,1,2,2,5,2,10,1,1,3
2,23,32,5,9,9,4,9,24,15,32,18,2,2,30,2,1,1,2,2,5,1,60,1,1,3
